stem,section,shape,side,key,label_value,label_page,stored_value,stored_page,run_value,run_page,run_evidence,run_writer,run_vs_label,run_vs_stored
academedia_2025,debt_maturity,total-only,mechanism,total_debt,12103,87,12103,87,,,,model,missed,lost
academedia_2025,debt_maturity,total-only,total,total_debt,12103,87,12103,87,12103,87,quote_on_page|value_in_quote|arith_ok|period_ok|page_is_statement|unit_ok,model,ok,same
acast_2025,debt_maturity,bucket-column,mechanism,total_debt,135382,67,,,,,,_fill_bucket_columns,missed,absent
acast_2025,debt_maturity,bucket-column,mechanism,due_within_1_year,32052,67,,,,,,_fill_bucket_columns,missed,absent
acast_2025,debt_maturity,bucket-column,total,total_debt,135382,67,,,,,,_fill_bucket_columns,missed,absent
acast_2025,debt_maturity,bucket-column,total,due_within_1_year,32052,67,,,,,,_fill_bucket_columns,missed,absent
alligo_2025,debt_maturity,total-only,mechanism,total_debt,3629,143,3629,143,,,,model,missed,lost
alligo_2025,debt_maturity,total-only,mechanism,due_within_1_year,473,143,473,143,,,,model,missed,lost
alligo_2025,debt_maturity,total-only,total,total_debt,3629,143,3629,143,3629,143,quote_on_page|value_in_quote|arith_ok|period_ok|page_is_statement|unit_ok,model,ok,same
alligo_2025,debt_maturity,total-only,total,due_within_1_year,473,143,473,143,,,,model,missed,lost
ambea_2025,debt_maturity,total-only,mechanism,total_debt,12643,119,12643,119,12643,119,quote_on_page|value_in_quote|arith_ok|label_known|period_ok|page_is_statement|unit_ok,statement-spread fill,ok,same
ambea_2025,debt_maturity,total-only,mechanism,due_within_1_year,2308,119,2308,119,,,,model,missed,lost
ambea_2025,debt_maturity,total-only,total,total_debt,12643,119,12643,119,12643,119,quote_on_page|value_in_quote|arith_ok|label_known|period_ok|page_is_statement|unit_ok,model,ok,same
ambea_2025,debt_maturity,total-only,total,due_within_1_year,2308,119,2308,119,,,,model,missed,lost
apotea_2025,debt_maturity,total-only,mechanism,total_debt,21.6,113,21.6,113,,,,model,missed,lost
apotea_2025,debt_maturity,total-only,mechanism,due_within_1_year,21.6,113,21.6,113,,,,model,missed,lost
apotea_2025,debt_maturity,total-only,mechanism,due_1_to_5_years,null,113,,,,,,model,null-ok,absent
apotea_2025,debt_maturity,total-only,mechanism,due_after_5_years,null,113,,,,,,model,null-ok,absent
apotea_2025,debt_maturity,total-only,total,total_debt,21.6,113,21.6,113,21.6,113,quote_on_page|value_in_quote|arith_ok|label_known|period_ok|page_is_statement|unit_ok,model,ok,same
apotea_2025,debt_maturity,total-only,total,due_within_1_year,21.6,113,21.6,113,,,,model,missed,lost
apotea_2025,debt_maturity,total-only,total,due_1_to_5_years,null,113,,,,,,model,null-ok,absent
apotea_2025,debt_maturity,total-only,total,due_after_5_years,null,113,,,,,,model,null-ok,absent
arctic_paper_2025,debt_maturity,bucket-rows,mechanism,total_debt,251209,71,,,,,,model,missed,absent
arctic_paper_2025,debt_maturity,bucket-rows,mechanism,due_within_1_year,219487,66,219487,66,,,,model,missed,lost
arctic_paper_2025,debt_maturity,bucket-rows,total,total_debt,251209,71,,,,,,model,missed,absent
arctic_paper_2025,debt_maturity,bucket-rows,total,due_within_1_year,219487,66,219487,66,,,,model,missed,lost
arjo_2025,debt_maturity,total-only,mechanism,total_debt,5387,109,5387,109,,,,model,missed,lost
arjo_2025,debt_maturity,total-only,mechanism,due_within_1_year,null,109,,,,,,model,null-ok,absent
arjo_2025,debt_maturity,total-only,mechanism,due_1_to_5_years,null,109,,,,,,model,null-ok,absent
arjo_2025,debt_maturity,total-only,mechanism,due_after_5_years,null,109,,,,,,model,null-ok,absent
arjo_2025,debt_maturity,total-only,total,total_debt,5387,109,5387,109,5387,109,quote_on_page|value_in_quote|arith_ok|label_known|period_ok|page_is_statement|unit_ok,model,ok,same
arjo_2025,debt_maturity,total-only,total,due_within_1_year,null,109,,,,,,model,null-ok,absent
arjo_2025,debt_maturity,total-only,total,due_1_to_5_years,null,109,,,,,,model,null-ok,absent
arjo_2025,debt_maturity,total-only,total,due_after_5_years,null,109,,,,,,model,null-ok,absent
attendo_2025,debt_maturity,total-only,mechanism,total_debt,2978,101,2978,103,,,,model,missed,lost
attendo_2025,debt_maturity,total-only,total,total_debt,2978,101,2978,103,2978,103,quote_on_page|value_in_quote|arith_ok|period_ok|page_is_statement|unit_ok,model,ok,same
avarda_bank_2025,debt_maturity,total-only,mechanism,total_debt,null,27,,,,,,model,null-ok,absent
avarda_bank_2025,debt_maturity,total-only,total,total_debt,null,27,,,,,,model,null-ok,absent
bergman_beving_2025,debt_maturity,bucket-rows,mechanism,total_debt,2390,120,2038,119,,,,model,missed,lost
bergman_beving_2025,debt_maturity,bucket-rows,mechanism,due_within_1_year,424,120,354,119,,,,model,missed,lost
bergman_beving_2025,debt_maturity,bucket-rows,total,total_debt,2390,120,2038,119,2038,119,quote_on_page|value_in_quote|arith_ok|period_ok|page_is_statement|unit_ok,model,wrong,same
bergman_beving_2025,debt_maturity,bucket-rows,total,due_within_1_year,424,120,354,119,,,,model,missed,lost
better_collective_2025,debt_maturity,total-only,mechanism,total_debt,259691,161,259946,161,,,,warning (unmapped),missed,lost
better_collective_2025,debt_maturity,total-only,total,total_debt,259691,161,259946,161,259946,161,quote_on_page|value_in_quote|arith_ok|period_ok|page_is_statement|unit_ok,warning (unmapped),wrong,same
bhg_2025,debt_maturity,total-only,mechanism,total_debt,1297.4,128,1297.4,128,,,,model,missed,lost
bhg_2025,debt_maturity,total-only,total,total_debt,1297.4,128,1297.4,128,1297.4,128,quote_on_page|value_in_quote|arith_ok|period_ok|unit_ok,model,ok,same
bico_2025,debt_maturity,total-only,mechanism,total_debt,1286.8,111,1286.8,111,1286.8,111,quote_on_page|value_derived|arith_ok|label_known|period_ok|page_is_statement,_subtotal_pair_fill,ok,same
bico_2025,debt_maturity,total-only,mechanism,due_within_1_year,1068.5,111,1068.5,111,1068.5,111,quote_on_page|value_in_quote|arith_ok|period_ok|page_is_statement,_subtotal_pair_fill,ok,same
bico_2025,debt_maturity,total-only,total,total_debt,1286.8,111,1286.8,111,1286.8,111,quote_on_page|value_derived|arith_ok|label_known|period_ok|page_is_statement|unit_ok,_subtotal_pair_fill,ok,same
bico_2025,debt_maturity,total-only,total,due_within_1_year,1068.5,111,1068.5,111,1068.5,111,quote_on_page|value_in_quote|arith_ok|period_ok|page_is_statement|unit_ok,_subtotal_pair_fill,ok,same
biogaia_2025,debt_maturity,total-only,mechanism,total_debt,0,153,0,153,,,,model,missed,lost
biogaia_2025,debt_maturity,total-only,total,total_debt,0,153,0,153,0,153,arith_ok|period_ok|page_is_statement|unit_ok,warning (unmapped),ok,same
bioinvent_international_2025,debt_maturity,total-only,mechanism,total_debt,8527,66,8527,66,,,,model,missed,lost
bioinvent_international_2025,debt_maturity,total-only,mechanism,due_within_1_year,7370,66,7370,66,,,,model,missed,lost
bioinvent_international_2025,debt_maturity,total-only,mechanism,due_1_to_5_years,1157,66,,,,,,model,missed,absent
bioinvent_international_2025,debt_maturity,total-only,mechanism,due_after_5_years,null,66,,,,,,model,null-ok,absent
bioinvent_international_2025,debt_maturity,total-only,total,total_debt,8527,66,8527,66,8527,66,quote_on_page|value_in_quote|arith_ok|period_ok|page_is_statement|unit_ok,model,ok,same
bioinvent_international_2025,debt_maturity,total-only,total,due_within_1_year,7370,66,7370,66,,,,model,missed,lost
bioinvent_international_2025,debt_maturity,total-only,total,due_1_to_5_years,1157,66,,,,,,model,missed,absent
bioinvent_international_2025,debt_maturity,total-only,total,due_after_5_years,null,66,,,,,,model,null-ok,absent
bonava_2025,debt_maturity,total-only,mechanism,total_debt,3639,152,3639,152,,,,model,missed,lost
bonava_2025,debt_maturity,total-only,mechanism,due_within_1_year,804,152,804,152,,,,model,missed,lost
bonava_2025,debt_maturity,total-only,total,total_debt,3639,152,3639,152,3639,152,quote_on_page|value_in_quote|arith_ok|label_known|period_ok|unit_ok,model,ok,same
bonava_2025,debt_maturity,total-only,total,due_within_1_year,804,152,804,152,,,,model,missed,lost
boozt_2025,debt_maturity,bucket-rows,mechanism,total_debt,441,108,441,122,441,121,quote_on_page|value_in_quote|arith_ok|period_ok|page_is_statement|unit_ok,_fill_bucket_columns,ok,same
boozt_2025,debt_maturity,bucket-rows,mechanism,due_within_1_year,104,108,104,121,104,121,quote_on_page|value_derived|arith_ok|label_known|period_ok|page_is_statement|unit_ok,_fill_bucket_columns,ok,same
boozt_2025,debt_maturity,bucket-rows,mechanism,due_1_to_5_years,273,121,273,121,273,121,quote_on_page|value_in_quote|arith_ok|period_ok|page_is_statement|unit_ok,_fill_bucket_columns,ok,same
boozt_2025,debt_maturity,bucket-rows,mechanism,due_after_5_years,63,121,63,121,63,121,quote_on_page|value_in_quote|arith_ok|period_ok|page_is_statement|unit_ok,_fill_bucket_columns,ok,same
boozt_2025,debt_maturity,bucket-rows,total,total_debt,441,108,441,122,441,122,quote_on_page|value_in_quote|arith_ok|period_ok|page_is_statement|unit_ok,model,ok,same
boozt_2025,debt_maturity,bucket-rows,total,due_within_1_year,104,108,104,121,104,121,quote_on_page|value_derived|arith_ok|label_known|period_ok|page_is_statement|unit_ok,_fill_bucket_columns,ok,same
boozt_2025,debt_maturity,bucket-rows,total,due_1_to_5_years,273,121,273,121,273,121,quote_on_page|value_in_quote|arith_ok|period_ok|page_is_statement|unit_ok,_fill_bucket_columns,ok,same
boozt_2025,debt_maturity,bucket-rows,total,due_after_5_years,63,121,63,121,63,121,quote_on_page|value_in_quote|arith_ok|period_ok|page_is_statement|unit_ok,_fill_bucket_columns,ok,same
bts_2025,debt_maturity,bucket-rows,mechanism,total_debt,579797,92,579797,92,,,,model,missed,lost
bts_2025,debt_maturity,bucket-rows,mechanism,due_within_1_year,77141,92,77141,92,,,,model,missed,lost
bts_2025,debt_maturity,bucket-rows,mechanism,due_1_to_5_years,502656,92,502656,92,,,,model,missed,lost
bts_2025,debt_maturity,bucket-rows,total,total_debt,579797,92,579797,92,579797,92,quote_on_page|value_in_quote|arith_ok|period_ok|page_is_statement|unit_ok,model,ok,same
bts_2025,debt_maturity,bucket-rows,total,due_within_1_year,77141,92,77141,92,,,,model,missed,lost
bts_2025,debt_maturity,bucket-rows,total,due_1_to_5_years,502656,92,502656,92,,,,model,missed,lost
byggmastare_a_j_ahlstrom_h_2025,debt_maturity,total-only,mechanism,total_debt,2873,54,2873,54,,,,model,missed,lost
byggmastare_a_j_ahlstrom_h_2025,debt_maturity,total-only,mechanism,due_within_1_year,962,54,962,54,,,,model,missed,lost
byggmastare_a_j_ahlstrom_h_2025,debt_maturity,total-only,mechanism,due_1_to_5_years,1911,54,,,,,,model,missed,absent
byggmastare_a_j_ahlstrom_h_2025,debt_maturity,total-only,mechanism,due_after_5_years,0,54,,,,,,model,missed,absent
byggmastare_a_j_ahlstrom_h_2025,debt_maturity,total-only,total,total_debt,2873,54,2873,54,2873,54,quote_on_page|value_in_quote|arith_ok|period_ok|page_is_statement|unit_ok,model,ok,same
byggmastare_a_j_ahlstrom_h_2025,debt_maturity,total-only,total,due_within_1_year,962,54,962,54,,,,model,missed,lost
byggmastare_a_j_ahlstrom_h_2025,debt_maturity,total-only,total,due_1_to_5_years,1911,54,,,,,,model,missed,absent
byggmastare_a_j_ahlstrom_h_2025,debt_maturity,total-only,total,due_after_5_years,0,54,,,,,,model,missed,absent
byggmax_2025,debt_maturity,total-only,mechanism,total_debt,2021,99,2021,99,,,,model,missed,lost
byggmax_2025,debt_maturity,total-only,mechanism,due_within_1_year,779,99,779,99,,,,model,missed,lost
byggmax_2025,debt_maturity,total-only,total,total_debt,2021,99,2021,99,2021,99,quote_on_page|value_in_quote|arith_ok|label_known|period_ok|page_is_statement|unit_ok,model,ok,same
byggmax_2025,debt_maturity,total-only,total,due_within_1_year,779,99,779,99,,,,model,missed,lost
catella_2025,debt_maturity,total-only,mechanism,total_debt,1474,108,1474,108,,,,model,missed,lost
catella_2025,debt_maturity,total-only,mechanism,due_within_1_year,null,108,,,,,,model,null-ok,absent
catella_2025,debt_maturity,total-only,mechanism,due_1_to_5_years,null,108,,,,,,model,null-ok,absent
catella_2025,debt_maturity,total-only,mechanism,due_after_5_years,null,108,,,,,,model,null-ok,absent
catella_2025,debt_maturity,total-only,total,total_debt,1474,108,1474,108,1474,108,quote_on_page|value_in_quote|arith_ok|label_known|period_ok|page_is_statement|unit_ok,model,ok,same
catella_2025,debt_maturity,total-only,total,due_within_1_year,null,108,,,,,,model,null-ok,absent
catella_2025,debt_maturity,total-only,total,due_1_to_5_years,null,108,,,,,,model,null-ok,absent
catella_2025,debt_maturity,total-only,total,due_after_5_years,null,108,,,,,,model,null-ok,absent
cavotec_2025,debt_maturity,total-only,mechanism,total_debt,23702,71,23702,71,,,,warning (unmapped),missed,lost
cavotec_2025,debt_maturity,total-only,mechanism,due_within_1_year,3324,59,,,,,,warning (unmapped),missed,absent
cavotec_2025,debt_maturity,total-only,total,total_debt,23702,71,23702,71,23702,71,quote_on_page|value_in_quote|arith_ok|period_ok|page_is_statement|unit_ok,warning (unmapped),ok,same
cavotec_2025,debt_maturity,total-only,total,due_within_1_year,3324,59,,,,,,warning (unmapped),missed,absent
cellavision_2025,debt_maturity,bucket-rows,mechanism,total_debt,25651,92,25651,92,,,,warning (unmapped),missed,lost
cellavision_2025,debt_maturity,bucket-rows,mechanism,due_within_1_year,13680,92,13680,92,,,,warning (unmapped),missed,lost
cellavision_2025,debt_maturity,bucket-rows,mechanism,due_1_to_5_years,8768,92,8768,92,,,,model,missed,lost
cellavision_2025,debt_maturity,bucket-rows,mechanism,due_after_5_years,3203,92,3203,92,,,,warning (unmapped),missed,lost
cellavision_2025,debt_maturity,bucket-rows,total,total_debt,25651,92,25651,92,25651,92,quote_on_page|value_in_quote|arith_ok|period_ok|page_is_statement|unit_ok,warning (unmapped),ok,same
cellavision_2025,debt_maturity,bucket-rows,total,due_within_1_year,13680,92,13680,92,,,,warning (unmapped),missed,lost
cellavision_2025,debt_maturity,bucket-rows,total,due_1_to_5_years,8768,92,8768,92,,,,model,missed,lost
cellavision_2025,debt_maturity,bucket-rows,total,due_after_5_years,3203,92,3203,92,,,,warning (unmapped),missed,lost
cloetta_2025,debt_maturity,bucket-column,mechanism,total_debt,1605,169,1605,169,1605,169,quote_on_page|value_in_quote|arith_ok|period_ok|page_is_statement|unit_ok,_fill_bucket_columns,ok,same
cloetta_2025,debt_maturity,bucket-column,mechanism,due_within_1_year,197,169,197,169,197,169,quote_on_page|value_in_quote|arith_ok|period_ok|page_is_statement|unit_ok,_fill_bucket_columns,ok,same
cloetta_2025,debt_maturity,bucket-column,mechanism,due_1_to_5_years,1399,169,1399,169,1399,169,quote_on_page|value_derived|arith_ok|label_known|period_ok|page_is_statement|unit_ok,_fill_bucket_columns,ok,same
cloetta_2025,debt_maturity,bucket-column,mechanism,due_after_5_years,9,169,9,169,9,169,quote_on_page|value_in_quote|arith_ok|period_ok|page_is_statement|unit_ok,_fill_bucket_columns,ok,same
cloetta_2025,debt_maturity,bucket-column,total,total_debt,1605,169,1605,169,1605,169,quote_on_page|value_in_quote|arith_ok|period_ok|page_is_statement|unit_ok,model,ok,same
cloetta_2025,debt_maturity,bucket-column,total,due_within_1_year,197,169,197,169,197,169,quote_on_page|value_in_quote|arith_ok|period_ok|page_is_statement|unit_ok,_fill_bucket_columns,ok,same
cloetta_2025,debt_maturity,bucket-column,total,due_1_to_5_years,1399,169,1399,169,1399,169,quote_on_page|value_derived|arith_ok|label_known|period_ok|page_is_statement|unit_ok,_fill_bucket_columns,ok,same
cloetta_2025,debt_maturity,bucket-column,total,due_after_5_years,9,169,9,169,9,169,quote_on_page|value_in_quote|arith_ok|period_ok|page_is_statement|unit_ok,_fill_bucket_columns,ok,same
coor_service_management_hold_2025,debt_maturity,total-only,mechanism,total_debt,2727,157,2727,157,,,,model,missed,lost
coor_service_management_hold_2025,debt_maturity,total-only,mechanism,due_within_1_year,null,157,,,,,,model,null-ok,absent
coor_service_management_hold_2025,debt_maturity,total-only,mechanism,due_1_to_5_years,null,157,,,,,,model,null-ok,absent
coor_service_management_hold_2025,debt_maturity,total-only,mechanism,due_after_5_years,null,157,,,,,,model,null-ok,absent
coor_service_management_hold_2025,debt_maturity,total-only,total,total_debt,2727,157,2727,157,2727,157,quote_on_page|value_in_quote|arith_ok|period_ok|page_is_statement|unit_ok,model,ok,same
coor_service_management_hold_2025,debt_maturity,total-only,total,due_within_1_year,null,157,,,,,,model,null-ok,absent
coor_service_management_hold_2025,debt_maturity,total-only,total,due_1_to_5_years,null,157,,,,,,model,null-ok,absent
coor_service_management_hold_2025,debt_maturity,total-only,total,due_after_5_years,null,157,,,,,,model,null-ok,absent
creades_2025,debt_maturity,prose-zero,mechanism,total_debt,0,61,0,61,,,,model,missed,lost
creades_2025,debt_maturity,prose-zero,mechanism,due_within_1_year,null,61,,,,,,model,null-ok,absent
creades_2025,debt_maturity,prose-zero,mechanism,due_1_to_5_years,null,61,,,,,,model,null-ok,absent
creades_2025,debt_maturity,prose-zero,mechanism,due_after_5_years,null,61,,,,,,model,null-ok,absent
creades_2025,debt_maturity,prose-zero,total,total_debt,0,61,0,61,0,61,quote_on_page|stated_zero|arith_ok|period_ok|page_is_statement|unit_ok,warning (unmapped),ok,same
creades_2025,debt_maturity,prose-zero,total,due_within_1_year,null,61,,,,,,model,null-ok,absent
creades_2025,debt_maturity,prose-zero,total,due_1_to_5_years,null,61,,,,,,model,null-ok,absent
creades_2025,debt_maturity,prose-zero,total,due_after_5_years,null,61,,,,,,model,null-ok,absent
ctt_systems_2025,debt_maturity,bucket-rows,mechanism,total_debt,35.5,52,35.5,52,35.5,52,quote_on_page|value_in_quote|arith_ok|period_ok|page_is_statement,_fill_bucket_columns,ok,same
ctt_systems_2025,debt_maturity,bucket-rows,mechanism,due_within_1_year,35.5,52,35.5,52,35.5,52,quote_on_page|value_in_quote|arith_ok|period_ok|page_is_statement,_fill_bucket_columns,ok,same
ctt_systems_2025,debt_maturity,bucket-rows,mechanism,due_1_to_5_years,0,52,0,52,0,52,quote_on_page|printed_nil|arith_ok|period_ok|page_is_statement,_fill_bucket_columns,ok,same
ctt_systems_2025,debt_maturity,bucket-rows,mechanism,due_after_5_years,0,52,0,52,0,52,quote_on_page|printed_nil|arith_ok|period_ok|page_is_statement,_fill_bucket_columns,ok,same
ctt_systems_2025,debt_maturity,bucket-rows,total,total_debt,35.5,52,35.5,52,35.5,52,arith_ok|period_ok|page_is_statement|unit_ok,warning (unmapped),ok,same
ctt_systems_2025,debt_maturity,bucket-rows,total,due_within_1_year,35.5,52,35.5,52,35.5,52,quote_on_page|value_in_quote|arith_ok|period_ok|page_is_statement|unit_ok,_fill_bucket_columns,ok,same
ctt_systems_2025,debt_maturity,bucket-rows,total,due_1_to_5_years,0,52,0,52,0,52,quote_on_page|printed_nil|arith_ok|period_ok|page_is_statement|unit_ok,_fill_bucket_columns,ok,same
ctt_systems_2025,debt_maturity,bucket-rows,total,due_after_5_years,0,52,0,52,0,52,quote_on_page|printed_nil|arith_ok|period_ok|page_is_statement|unit_ok,_fill_bucket_columns,ok,same
duni_2025,debt_maturity,total-only,mechanism,total_debt,1498,181,1498,181,,,,model,missed,lost
duni_2025,debt_maturity,total-only,mechanism,due_within_1_year,0,181,0,181,,,,model,missed,lost
duni_2025,debt_maturity,total-only,total,total_debt,1498,181,1498,181,1498,181,quote_on_page|value_in_quote|arith_ok|label_known|period_ok|page_is_statement|unit_ok,model,ok,same
duni_2025,debt_maturity,total-only,total,due_within_1_year,0,181,0,181,,,,model,missed,lost
dustin_2025,debt_maturity,total-only,mechanism,total_debt,2538,115,,,,,,model,missed,absent
dustin_2025,debt_maturity,total-only,mechanism,due_within_1_year,63,100,,,,,,model,missed,absent
dustin_2025,debt_maturity,total-only,total,total_debt,2538,115,,,,,,model,missed,absent
dustin_2025,debt_maturity,total-only,total,due_within_1_year,63,100,,,,,,model,missed,absent
dynavox_2025,debt_maturity,total-only,mechanism,total_debt,896.2,133,,,,,,model,missed,absent
dynavox_2025,debt_maturity,total-only,total,total_debt,896.2,133,,,,,,model,missed,absent
egetis_therapeutics_2025,debt_maturity,total-only,mechanism,total_debt,76.5,74,76.5,74,,,,model,missed,lost
egetis_therapeutics_2025,debt_maturity,total-only,mechanism,due_within_1_year,31.5,74,31.5,74,,,,model,missed,lost
egetis_therapeutics_2025,debt_maturity,total-only,total,total_debt,76.5,74,76.5,74,76.5,74,quote_on_page|value_in_quote|arith_ok|period_ok|page_is_statement|unit_ok,model,ok,same
egetis_therapeutics_2025,debt_maturity,total-only,total,due_within_1_year,31.5,74,31.5,74,,,,model,missed,lost
elanders_2025,debt_maturity,total-only,mechanism,total_debt,4620,143,,,,,,model,missed,absent
elanders_2025,debt_maturity,total-only,mechanism,due_within_1_year,228,117,,,,,,model,missed,absent
elanders_2025,debt_maturity,total-only,total,total_debt,4620,143,,,,,,model,missed,absent
elanders_2025,debt_maturity,total-only,total,due_within_1_year,228,117,,,,,,model,missed,absent
enea_2025,debt_maturity,bucket-rows,mechanism,total_debt,305555,76,305555,76,305555,76,quote_on_page|value_derived|arith_ok|label_known|period_ok|page_is_statement,_subtotal_pair_fill,ok,same
enea_2025,debt_maturity,bucket-rows,mechanism,due_within_1_year,136403,76,136403,76,136403,76,quote_on_page|value_in_quote|arith_ok|period_ok|page_is_statement,_subtotal_pair_fill,ok,same
enea_2025,debt_maturity,bucket-rows,mechanism,due_1_to_5_years,169152,76,169152,76,,,,model,missed,lost
enea_2025,debt_maturity,bucket-rows,mechanism,due_after_5_years,null,76,,,,,,model,null-ok,absent
enea_2025,debt_maturity,bucket-rows,total,total_debt,305555,76,305555,76,136403,76,quote_on_page|value_in_quote|arith_ok|period_ok|page_is_statement|unit_ok,warning (unmapped),wrong,different
enea_2025,debt_maturity,bucket-rows,total,due_within_1_year,136403,76,136403,76,,,,model,missed,lost
enea_2025,debt_maturity,bucket-rows,total,due_1_to_5_years,169152,76,169152,76,,,,model,missed,lost
enea_2025,debt_maturity,bucket-rows,total,due_after_5_years,null,76,,,,,,model,null-ok,absent
enity_holding_2025,debt_maturity,total-only,mechanism,total_debt,null,54,,,,,,model,null-ok,absent
enity_holding_2025,debt_maturity,total-only,total,total_debt,null,54,,,,,,model,null-ok,absent
ependion_2025,debt_maturity,bucket-column,mechanism,total_debt,583531,155,583531,155,583531,155,quote_on_page|value_in_quote|arith_ok|period_ok|page_is_statement,_fill_bucket_columns,ok,same
ependion_2025,debt_maturity,bucket-column,mechanism,due_within_1_year,167546,155,167546,155,167546,155,quote_on_page|value_in_quote|arith_ok|period_ok|page_is_statement,_fill_bucket_columns,ok,same
ependion_2025,debt_maturity,bucket-column,mechanism,due_1_to_5_years,415984,155,415984,155,415984,155,quote_on_page|value_derived|arith_ok|label_known|period_ok|page_is_statement,_fill_bucket_columns,ok,same
ependion_2025,debt_maturity,bucket-column,mechanism,due_after_5_years,null,155,,,,,,model,null-ok,absent
ependion_2025,debt_maturity,bucket-column,total,total_debt,583531,155,583531,155,583531,155,quote_on_page|value_in_quote|arith_ok|period_ok|page_is_statement|unit_ok,model,ok,same
ependion_2025,debt_maturity,bucket-column,total,due_within_1_year,167546,155,167546,155,167546,155,quote_on_page|value_in_quote|arith_ok|period_ok|page_is_statement|unit_ok,_fill_bucket_columns,ok,same
ependion_2025,debt_maturity,bucket-column,total,due_1_to_5_years,415984,155,415984,155,415984,155,quote_on_page|value_derived|arith_ok|label_known|period_ok|page_is_statement|unit_ok,_fill_bucket_columns,ok,same
ependion_2025,debt_maturity,bucket-column,total,due_after_5_years,null,155,,,,,,model,null-ok,absent
ericsson_2025,debt_maturity,total-only,mechanism,total_debt,32703,65,32703,65,32703,65,quote_on_page|value_in_quote|arith_ok|label_known|period_ok|page_is_statement,statement-spread fill,ok,same
ericsson_2025,debt_maturity,total-only,mechanism,due_within_1_year,3538,65,3538,65,,,,model,missed,lost
ericsson_2025,debt_maturity,total-only,total,total_debt,32703,65,32703,65,32703,65,quote_on_page|value_in_quote|arith_ok|label_known|period_ok|page_is_statement|unit_ok,warning (unmapped),ok,same
ericsson_2025,debt_maturity,total-only,total,due_within_1_year,3538,65,3538,65,,,,model,missed,lost
ework_2025,debt_maturity,bucket-column,mechanism,total_debt,156410,70,156410,71,,,,model,missed,lost
ework_2025,debt_maturity,bucket-column,mechanism,due_within_1_year,156409,70,156409,70,,,,model,missed,lost
ework_2025,debt_maturity,bucket-column,mechanism,due_1_to_5_years,0,70,0,70,,,,model,missed,lost
ework_2025,debt_maturity,bucket-column,total,total_debt,156410,70,156410,71,156410,71,quote_on_page|value_in_quote|arith_ok|period_ok|page_is_statement|unit_ok,model,ok,same
ework_2025,debt_maturity,bucket-column,total,due_within_1_year,156409,70,156409,70,,,,model,missed,lost
ework_2025,debt_maturity,bucket-column,total,due_1_to_5_years,0,70,0,70,,,,model,missed,lost
fagerhult_2025,debt_maturity,bucket-rows,mechanism,total_debt,3449.5,140,3449.5,140,,,,model,missed,lost
fagerhult_2025,debt_maturity,bucket-rows,mechanism,due_within_1_year,56,140,56,140,,,,model,missed,lost
fagerhult_2025,debt_maturity,bucket-rows,mechanism,due_1_to_5_years,3390,140,3390,140,,,,model,missed,lost
fagerhult_2025,debt_maturity,bucket-rows,mechanism,due_after_5_years,3.5,140,3.5,140,,,,model,missed,lost
fagerhult_2025,debt_maturity,bucket-rows,total,total_debt,3449.5,140,3449.5,140,6.3,140,quote_on_page|value_in_quote|arith_ok|period_ok|page_is_statement|unit_ok,warning (unmapped),wrong,different
fagerhult_2025,debt_maturity,bucket-rows,total,due_within_1_year,56,140,56,140,,,,model,missed,lost
fagerhult_2025,debt_maturity,bucket-rows,total,due_1_to_5_years,3390,140,3390,140,,,,model,missed,lost
fagerhult_2025,debt_maturity,bucket-rows,total,due_after_5_years,3.5,140,3.5,140,,,,model,missed,lost
fasadgruppen_2025,debt_maturity,bucket-rows,mechanism,total_debt,2194.0,136,2194,136,,,,model,missed,lost
fasadgruppen_2025,debt_maturity,bucket-rows,mechanism,due_within_1_year,159.5,136,159.5,136,,,,model,missed,lost
fasadgruppen_2025,debt_maturity,bucket-rows,mechanism,due_1_to_5_years,2034.5,136,2034.5,136,,,,model,missed,lost
fasadgruppen_2025,debt_maturity,bucket-rows,mechanism,due_after_5_years,null,136,,,,,,model,null-ok,absent
fasadgruppen_2025,debt_maturity,bucket-rows,total,total_debt,2194.0,136,2194,136,2194,136,quote_on_page|value_in_quote|arith_ok|period_ok|page_is_statement|unit_ok,model,ok,same
fasadgruppen_2025,debt_maturity,bucket-rows,total,due_within_1_year,159.5,136,159.5,136,,,,model,missed,lost
fasadgruppen_2025,debt_maturity,bucket-rows,total,due_1_to_5_years,2034.5,136,2034.5,136,,,,model,missed,lost
fasadgruppen_2025,debt_maturity,bucket-rows,total,due_after_5_years,null,136,,,,,,model,null-ok,absent
flat_capital_2025,debt_maturity,total-only,mechanism,total_debt,0,33,0,18,,,,model,missed,lost
flat_capital_2025,debt_maturity,total-only,mechanism,due_within_1_year,null,33,,,,,,model,null-ok,absent
flat_capital_2025,debt_maturity,total-only,mechanism,due_1_to_5_years,null,33,,,,,,model,null-ok,absent
flat_capital_2025,debt_maturity,total-only,mechanism,due_after_5_years,null,33,,,,,,model,null-ok,absent
flat_capital_2025,debt_maturity,total-only,total,total_debt,0,33,0,18,0,18,quote_on_page|value_in_quote|arith_ok|period_ok|page_is_statement|unit_ok,model,ok,same
flat_capital_2025,debt_maturity,total-only,total,due_within_1_year,null,33,,,,,,model,null-ok,absent
flat_capital_2025,debt_maturity,total-only,total,due_1_to_5_years,null,33,,,,,,model,null-ok,absent
flat_capital_2025,debt_maturity,total-only,total,due_after_5_years,null,33,,,,,,model,null-ok,absent
flerie_2025,debt_maturity,total-only,mechanism,total_debt,2.1,86,2.1,86,,,,model,missed,lost
flerie_2025,debt_maturity,total-only,mechanism,due_within_1_year,0.5,57,,,,,,model,missed,absent
flerie_2025,debt_maturity,total-only,total,total_debt,2.1,86,2.1,86,2.1,86,quote_on_page|value_in_quote|arith_ok|period_ok|page_is_statement|unit_ok,model,ok,same
flerie_2025,debt_maturity,total-only,total,due_within_1_year,0.5,57,,,,,,model,missed,absent
fm_mattsson_2025,debt_maturity,total-only,mechanism,total_debt,89532,141,89532,124,,,,model,missed,lost
fm_mattsson_2025,debt_maturity,total-only,mechanism,due_within_1_year,30610,110,,,,,,model,missed,absent
fm_mattsson_2025,debt_maturity,total-only,total,total_debt,89532,141,89532,124,89532,124,quote_on_page|value_in_quote|arith_ok|period_ok|page_is_statement|unit_ok,model,ok,same
fm_mattsson_2025,debt_maturity,total-only,total,due_within_1_year,30610,110,,,,,,model,missed,absent
gentoo_media_2025,debt_maturity,total-only,mechanism,total_debt,111798,88,111798,88,,,,model,missed,lost
gentoo_media_2025,debt_maturity,total-only,mechanism,due_within_1_year,111798,88,111798,88,,,,model,missed,lost
gentoo_media_2025,debt_maturity,total-only,mechanism,due_1_to_5_years,null,88,,,,,,model,null-ok,absent
gentoo_media_2025,debt_maturity,total-only,mechanism,due_after_5_years,null,88,,,,,,model,null-ok,absent
gentoo_media_2025,debt_maturity,total-only,total,total_debt,111798,88,111798,88,111798,88,quote_on_page|value_in_quote|arith_ok|label_known|period_ok|page_is_statement|unit_ok,model,ok,same
gentoo_media_2025,debt_maturity,total-only,total,due_within_1_year,111798,88,111798,88,,,,model,missed,lost
gentoo_media_2025,debt_maturity,total-only,total,due_1_to_5_years,null,88,,,,,,model,null-ok,absent
gentoo_media_2025,debt_maturity,total-only,total,due_after_5_years,null,88,,,,,,model,null-ok,absent
green_landscaping_2025,debt_maturity,total-only,mechanism,total_debt,2495,76,,,,,,model,missed,absent
green_landscaping_2025,debt_maturity,total-only,mechanism,due_within_1_year,87,76,,,,,,model,missed,absent
green_landscaping_2025,debt_maturity,total-only,mechanism,due_1_to_5_years,2398,102,,,,,,model,missed,absent
green_landscaping_2025,debt_maturity,total-only,mechanism,due_after_5_years,10,102,,,,,,model,missed,absent
green_landscaping_2025,debt_maturity,total-only,total,total_debt,2495,76,,,,,,model,missed,absent
green_landscaping_2025,debt_maturity,total-only,total,due_within_1_year,87,76,,,,,,model,missed,absent
green_landscaping_2025,debt_maturity,total-only,total,due_1_to_5_years,2398,102,,,,,,model,missed,absent
green_landscaping_2025,debt_maturity,total-only,total,due_after_5_years,10,102,,,,,,model,missed,absent
gruvaktiebolaget_viscaria_2025,debt_maturity,total-only,mechanism,total_debt,677.8,110,677.8,110,,,,model,missed,lost
gruvaktiebolaget_viscaria_2025,debt_maturity,total-only,mechanism,due_within_1_year,661.8,110,661.8,110,,,,model,missed,lost
gruvaktiebolaget_viscaria_2025,debt_maturity,total-only,total,total_debt,677.8,110,677.8,110,677.8,110,quote_on_page|value_in_quote|arith_ok|label_known|period_ok|page_is_statement|unit_ok,model,ok,same
gruvaktiebolaget_viscaria_2025,debt_maturity,total-only,total,due_within_1_year,661.8,110,661.8,110,,,,model,missed,lost
hansa_biopharma_2025,debt_maturity,total-only,mechanism,total_debt,927403,66,927403,66,,,,model,missed,lost
hansa_biopharma_2025,debt_maturity,total-only,mechanism,due_within_1_year,136869,40,,,,,,model,missed,absent
hansa_biopharma_2025,debt_maturity,total-only,total,total_debt,927403,66,927403,66,927403,66,quote_on_page|value_in_quote|arith_ok|period_ok|page_is_statement|unit_ok,warning (unmapped),ok,same
hansa_biopharma_2025,debt_maturity,total-only,total,due_within_1_year,136869,40,,,,,,warning (unmapped),missed,absent
hanza_2025,debt_maturity,bucket-rows,mechanism,total_debt,1444,132,1444,132,,,,model,missed,lost
hanza_2025,debt_maturity,bucket-rows,mechanism,due_within_1_year,60,132,60,132,,,,model,missed,lost
hanza_2025,debt_maturity,bucket-rows,mechanism,due_1_to_5_years,1382,132,1382,132,,,,model,missed,lost
hanza_2025,debt_maturity,bucket-rows,mechanism,due_after_5_years,2,132,2,132,,,,model,missed,lost
hanza_2025,debt_maturity,bucket-rows,total,total_debt,1444,132,1444,132,1444,132,quote_on_page|value_in_quote|arith_ok|period_ok|page_is_statement|unit_ok,model,ok,same
hanza_2025,debt_maturity,bucket-rows,total,due_within_1_year,60,132,60,132,,,,model,missed,lost
hanza_2025,debt_maturity,bucket-rows,total,due_1_to_5_years,1382,132,1382,132,,,,model,missed,lost
hanza_2025,debt_maturity,bucket-rows,total,due_after_5_years,2,132,2,132,,,,model,missed,lost
hexatronic_2025,debt_maturity,bucket-rows,mechanism,total_debt,2243,160,2243,160,,,,model,missed,lost
hexatronic_2025,debt_maturity,bucket-rows,mechanism,due_within_1_year,62,114,62,162,,,,model,missed,lost
hexatronic_2025,debt_maturity,bucket-rows,mechanism,due_1_to_5_years,2181,160,2181,162,,,,model,missed,lost
hexatronic_2025,debt_maturity,bucket-rows,mechanism,due_after_5_years,null,160,,,,,,model,null-ok,absent
hexatronic_2025,debt_maturity,bucket-rows,total,total_debt,2243,160,2243,160,2243,160,quote_on_page|value_in_quote|arith_ok|label_known|period_ok|page_is_statement|unit_ok,model,ok,same
hexatronic_2025,debt_maturity,bucket-rows,total,due_within_1_year,62,114,62,162,,,,model,missed,lost
hexatronic_2025,debt_maturity,bucket-rows,total,due_1_to_5_years,2181,160,2181,162,,,,model,missed,lost
hexatronic_2025,debt_maturity,bucket-rows,total,due_after_5_years,null,160,,,,,,model,null-ok,absent
hoist_finance_2025,debt_maturity,total-only,mechanism,total_debt,52680,21,52680,21,,,,model,missed,lost
hoist_finance_2025,debt_maturity,total-only,total,total_debt,52680,21,52680,21,52680,21,quote_on_page|value_in_quote|arith_ok|label_known|period_ok|unit_ok,model,ok,same
humana_2025,debt_maturity,total-only,mechanism,total_debt,4401,148,4401,149,,,,model,missed,lost
humana_2025,debt_maturity,total-only,mechanism,due_within_1_year,543,148,543,148,,,,model,missed,lost
humana_2025,debt_maturity,total-only,total,total_debt,4401,148,4401,149,4401,149,arith_ok|period_ok|page_is_statement|unit_ok,warning (unmapped),ok,same
humana_2025,debt_maturity,total-only,total,due_within_1_year,543,148,543,148,,,,model,missed,lost
humble_2025,debt_maturity,total-only,mechanism,total_debt,1668,90,1668,90,,,,model,missed,lost
humble_2025,debt_maturity,total-only,total,total_debt,1668,90,1668,90,1668,90,quote_on_page|value_in_quote|arith_ok|period_ok|page_is_statement|unit_ok,model,ok,same
instalco_2025,debt_maturity,total-only,mechanism,total_debt,3122,128,3122,128,,,,_fill_bucket_columns,missed,lost
instalco_2025,debt_maturity,total-only,total,total_debt,3122,128,3122,128,3122,128,quote_on_page|value_in_quote|arith_ok|period_ok|page_is_statement|unit_ok,_fill_bucket_columns,ok,same
intrum_2025,debt_maturity,bucket-rows,mechanism,total_debt,43384,123,43384,123,,,,model,missed,lost
intrum_2025,debt_maturity,bucket-rows,mechanism,due_within_1_year,271,123,271,123,,,,model,missed,lost
intrum_2025,debt_maturity,bucket-rows,mechanism,due_1_to_5_years,43113,123,43113,123,,,,model,missed,lost
intrum_2025,debt_maturity,bucket-rows,mechanism,due_after_5_years,null,123,,,,,,model,null-ok,absent
intrum_2025,debt_maturity,bucket-rows,total,total_debt,43384,123,43384,123,43384,123,quote_on_page|value_in_quote|arith_ok|label_known|period_ok|page_is_statement|unit_ok,model,ok,same
intrum_2025,debt_maturity,bucket-rows,total,due_within_1_year,271,123,271,123,271,123,quote_on_page|value_in_quote|arith_ok|label_known|period_ok|page_is_statement|unit_ok,statement-spread fill,ok,same
intrum_2025,debt_maturity,bucket-rows,total,due_1_to_5_years,43113,123,43113,123,43113,123,quote_on_page|value_derived|arith_ok|label_known|period_ok|page_is_statement|unit_ok,warning (unmapped),ok,same
intrum_2025,debt_maturity,bucket-rows,total,due_after_5_years,null,123,,,,,,model,null-ok,absent
inwido_2025,debt_maturity,total-only,mechanism,total_debt,1796.0,166,1796,166,,,,model,missed,lost
inwido_2025,debt_maturity,total-only,total,total_debt,1796.0,166,1796,166,1796,166,quote_on_page|value_in_quote|arith_ok|period_ok|page_is_statement|unit_ok,model,ok,same
itab_2025,debt_maturity,total-only,mechanism,total_debt,3369,125,3369,125,,,,model,missed,lost
itab_2025,debt_maturity,total-only,total,total_debt,3369,125,3369,125,3369,125,quote_on_page|value_in_quote|arith_ok|period_ok|page_is_statement|unit_ok,model,ok,same
kabe_2025,debt_maturity,total-only,mechanism,total_debt,50,93,50,93,,,,model,missed,lost
kabe_2025,debt_maturity,total-only,mechanism,due_within_1_year,30,79,,,,,,model,missed,absent
kabe_2025,debt_maturity,total-only,total,total_debt,50,93,50,93,50,93,quote_on_page|value_in_quote|arith_ok|period_ok|page_is_statement|unit_ok,model,ok,same
kabe_2025,debt_maturity,total-only,total,due_within_1_year,30,79,,,,,,model,missed,absent
karnell_2025,debt_maturity,bucket-rows,mechanism,total_debt,397.2,106,397.2,106,397.2,106,quote_on_page|value_in_quote|arith_ok|period_ok|page_is_statement|unit_ok,_fill_bucket_columns,ok,same
karnell_2025,debt_maturity,bucket-rows,mechanism,due_within_1_year,43.5,106,43.5,106,43.5,106,quote_on_page|value_in_quote|arith_ok|period_ok|page_is_statement|unit_ok,_fill_bucket_columns,ok,same
karnell_2025,debt_maturity,bucket-rows,mechanism,due_1_to_5_years,353.7,106,353.7,106,353.7,106,quote_on_page|value_in_quote|arith_ok|period_ok|page_is_statement|unit_ok,_fill_bucket_columns,ok,same
karnell_2025,debt_maturity,bucket-rows,mechanism,due_after_5_years,0,106,0,106,0,106,quote_on_page|value_derived|arith_ok|label_known|period_ok|page_is_statement|unit_ok,_fill_bucket_columns,ok,same
karnell_2025,debt_maturity,bucket-rows,total,total_debt,397.2,106,397.2,106,397.2,106,quote_on_page|value_in_quote|arith_ok|period_ok|page_is_statement|unit_ok,model,ok,same
karnell_2025,debt_maturity,bucket-rows,total,due_within_1_year,43.5,106,43.5,106,43.5,106,quote_on_page|value_in_quote|arith_ok|period_ok|page_is_statement|unit_ok,_fill_bucket_columns,ok,same
karnell_2025,debt_maturity,bucket-rows,total,due_1_to_5_years,353.7,106,353.7,106,353.7,106,quote_on_page|value_in_quote|arith_ok|period_ok|page_is_statement|unit_ok,_fill_bucket_columns,ok,same
karnell_2025,debt_maturity,bucket-rows,total,due_after_5_years,0,106,0,106,0,106,quote_on_page|value_derived|arith_ok|label_known|period_ok|page_is_statement|unit_ok,_fill_bucket_columns,ok,same
karnov_2025,debt_maturity,total-only,mechanism,total_debt,1965.0,135,1965,135,,,,model,missed,lost
karnov_2025,debt_maturity,total-only,mechanism,due_within_1_year,135.2,135,135.2,135,,,,model,missed,lost
karnov_2025,debt_maturity,total-only,total,total_debt,1965.0,135,1965,135,1965,135,quote_on_page|value_in_quote|arith_ok|period_ok|page_is_statement|unit_ok,model,ok,same
karnov_2025,debt_maturity,total-only,total,due_within_1_year,135.2,135,135.2,135,,,,model,missed,lost
knowit_2025,debt_maturity,total-only,mechanism,total_debt,758938,152,758938,152,,,,model,missed,lost
knowit_2025,debt_maturity,total-only,mechanism,due_within_1_year,null,152,,,,,,model,null-ok,absent
knowit_2025,debt_maturity,total-only,mechanism,due_1_to_5_years,null,152,,,,,,model,null-ok,absent
knowit_2025,debt_maturity,total-only,mechanism,due_after_5_years,null,152,,,,,,model,null-ok,absent
knowit_2025,debt_maturity,total-only,total,total_debt,758938,152,758938,152,758938,152,quote_on_page|value_in_quote|arith_ok|label_known|period_ok|page_is_statement|unit_ok,model,ok,same
knowit_2025,debt_maturity,total-only,total,due_within_1_year,null,152,,,,,,model,null-ok,absent
knowit_2025,debt_maturity,total-only,total,due_1_to_5_years,null,152,,,,,,model,null-ok,absent
knowit_2025,debt_maturity,total-only,total,due_after_5_years,null,152,,,,,,model,null-ok,absent
lime_technologies_2025,debt_maturity,subtotal-pair,mechanism,total_debt,211300,91,211300,91,211300,91,quote_on_page|value_derived|arith_ok|label_known|period_ok|page_is_statement|unit_ok,_subtotal_pair_fill,ok,same
lime_technologies_2025,debt_maturity,subtotal-pair,mechanism,due_within_1_year,80786,91,80786,91,80786,91,quote_on_page|value_in_quote|arith_ok|period_ok|page_is_statement|unit_ok,_subtotal_pair_fill,ok,same
lime_technologies_2025,debt_maturity,subtotal-pair,total,total_debt,211300,91,211300,91,211300,91,quote_on_page|value_derived|arith_ok|label_known|period_ok|page_is_statement|unit_ok,_subtotal_pair_fill,ok,same
lime_technologies_2025,debt_maturity,subtotal-pair,total,due_within_1_year,80786,91,80786,91,80786,91,quote_on_page|value_in_quote|arith_ok|period_ok|page_is_statement|unit_ok,_subtotal_pair_fill,ok,same
linc_2025,debt_maturity,total-only,mechanism,total_debt,0,100,0,100,,,,model,missed,lost
linc_2025,debt_maturity,total-only,total,total_debt,0,100,0,100,0,100,quote_on_page|printed_nil|arith_ok|period_ok|page_is_statement|unit_ok,warning (unmapped),ok,same
medcap_2025,debt_maturity,bucket-rows,mechanism,total_debt,718.7,101,718.7,101,,,,model,missed,lost
medcap_2025,debt_maturity,bucket-rows,mechanism,due_within_1_year,102.3,101,102.3,101,,,,model,missed,lost
medcap_2025,debt_maturity,bucket-rows,mechanism,due_1_to_5_years,616.5,101,616.5,101,,,,model,missed,lost
medcap_2025,debt_maturity,bucket-rows,mechanism,due_after_5_years,null,101,,,,,,model,null-ok,absent
medcap_2025,debt_maturity,bucket-rows,total,total_debt,718.7,101,718.7,101,718.7,101,quote_on_page|value_in_quote|arith_ok|period_ok|page_is_statement|unit_ok,model,ok,same
medcap_2025,debt_maturity,bucket-rows,total,due_within_1_year,102.3,101,102.3,101,102.3,101,quote_on_page|value_derived|arith_ok|label_known|period_ok|page_is_statement|unit_ok,warning (unmapped),ok,same
medcap_2025,debt_maturity,bucket-rows,total,due_1_to_5_years,616.5,101,616.5,101,,,,model,missed,lost
medcap_2025,debt_maturity,bucket-rows,total,due_after_5_years,null,101,,,,,,model,null-ok,absent
meko_2025,debt_maturity,total-only,mechanism,total_debt,6558,103,6558,103,,,,model,missed,lost
meko_2025,debt_maturity,total-only,mechanism,due_within_1_year,768,103,768,103,,,,model,missed,lost
meko_2025,debt_maturity,total-only,mechanism,due_1_to_5_years,null,103,,,,,,model,null-ok,absent
meko_2025,debt_maturity,total-only,mechanism,due_after_5_years,null,103,,,,,,model,null-ok,absent
meko_2025,debt_maturity,total-only,total,total_debt,6558,103,6558,103,6558,103,quote_on_page|value_in_quote|arith_ok|label_known|period_ok|page_is_statement|unit_ok,model,ok,same
meko_2025,debt_maturity,total-only,total,due_within_1_year,768,103,768,103,,,,model,missed,lost
meko_2025,debt_maturity,total-only,total,due_1_to_5_years,null,103,,,,,,model,null-ok,absent
meko_2025,debt_maturity,total-only,total,due_after_5_years,null,103,,,,,,model,null-ok,absent
meren_energy_2025,debt_maturity,total-only,mechanism,total_debt,333.8,73,333.8,73,,,,model,missed,lost
meren_energy_2025,debt_maturity,total-only,mechanism,due_within_1_year,68.6,73,68.6,73,,,,model,missed,lost
meren_energy_2025,debt_maturity,total-only,total,total_debt,333.8,73,333.8,73,333.8,73,quote_on_page|value_in_quote|arith_ok|period_ok|page_is_statement|unit_ok,model,ok,same
meren_energy_2025,debt_maturity,total-only,total,due_within_1_year,68.6,73,68.6,73,,,,model,missed,lost
mildef_2025,debt_maturity,total-only,mechanism,total_debt,772.9,112,772.9,112,772.9,112,quote_on_page|value_in_quote|arith_ok|label_known|period_ok|page_is_statement,statement-spread fill,ok,same
mildef_2025,debt_maturity,total-only,mechanism,due_within_1_year,137.7,112,,,,,,model,missed,absent
mildef_2025,debt_maturity,total-only,total,total_debt,772.9,112,772.9,112,772.9,112,quote_on_page|value_in_quote|arith_ok|label_known|period_ok|page_is_statement|unit_ok,model,ok,same
mildef_2025,debt_maturity,total-only,total,due_within_1_year,137.7,112,,,,,,model,missed,absent
modern_times_2025,debt_maturity,bucket-column,mechanism,total_debt,3741,118,,,,,,_fill_bucket_columns,missed,absent
modern_times_2025,debt_maturity,bucket-column,mechanism,due_within_1_year,418,118,,,,,,model,missed,absent
modern_times_2025,debt_maturity,bucket-column,total,total_debt,3741,118,,,,,,_fill_bucket_columns,missed,absent
modern_times_2025,debt_maturity,bucket-column,total,due_within_1_year,418,118,,,,,,model,missed,absent
momentum_2025,debt_maturity,refused-scope,mechanism,total_debt,395,116,,,,,,model,missed,absent
momentum_2025,debt_maturity,refused-scope,mechanism,due_within_1_year,67,94,,,,,,warning (unmapped),missed,absent
momentum_2025,debt_maturity,refused-scope,total,total_debt,395,116,,,,,,model,missed,absent
momentum_2025,debt_maturity,refused-scope,total,due_within_1_year,67,94,,,,,,warning (unmapped),missed,absent
morrow_bank_2025,debt_maturity,total-only,mechanism,total_debt,null,43,,,,,,model,null-ok,absent
morrow_bank_2025,debt_maturity,total-only,total,total_debt,null,43,,,,,,model,null-ok,absent
ncab_2025,debt_maturity,total-only,mechanism,total_debt,1090075,101,1090075,93,,,,model,missed,lost
ncab_2025,debt_maturity,total-only,mechanism,due_within_1_year,null,101,,,,,,model,null-ok,absent
ncab_2025,debt_maturity,total-only,mechanism,due_1_to_5_years,null,101,,,,,,model,null-ok,absent
ncab_2025,debt_maturity,total-only,mechanism,due_after_5_years,null,101,,,,,,model,null-ok,absent
ncab_2025,debt_maturity,total-only,total,total_debt,1090075,101,1090075,93,1090075,93,quote_on_page|value_in_quote|arith_ok|label_known|period_ok|unit_ok,model,ok,same
ncab_2025,debt_maturity,total-only,total,due_within_1_year,null,101,,,,,,model,null-ok,absent
ncab_2025,debt_maturity,total-only,total,due_1_to_5_years,null,101,,,,,,model,null-ok,absent
ncab_2025,debt_maturity,total-only,total,due_after_5_years,null,101,,,,,,model,null-ok,absent
nederman_holding_2025,debt_maturity,total-only,mechanism,total_debt,2475.3,150,2475.3,150,,,,model,missed,lost
nederman_holding_2025,debt_maturity,total-only,mechanism,due_within_1_year,117.3,150,117.3,150,,,,model,missed,lost
nederman_holding_2025,debt_maturity,total-only,total,total_debt,2475.3,150,2475.3,150,2475.3,150,quote_on_page|value_in_quote|arith_ok|label_known|period_ok|page_is_statement|unit_ok,model,ok,same
nederman_holding_2025,debt_maturity,total-only,total,due_within_1_year,117.3,150,117.3,150,,,,model,missed,lost
nelly_2025,debt_maturity,total-only,mechanism,total_debt,287.1,89,287.1,89,,,,model,missed,lost
nelly_2025,debt_maturity,total-only,mechanism,due_within_1_year,36.2,89,36.2,89,,,,model,missed,lost
nelly_2025,debt_maturity,total-only,total,total_debt,287.1,89,287.1,89,287.1,89,quote_on_page|value_in_quote|arith_ok|period_ok|page_is_statement|unit_ok,model,ok,same
nelly_2025,debt_maturity,total-only,total,due_within_1_year,36.2,89,36.2,89,,,,model,missed,lost
net_insight_2025,debt_maturity,bucket-rows,mechanism,total_debt,39415,91,39415,91,,,,model,missed,lost
net_insight_2025,debt_maturity,bucket-rows,mechanism,due_within_1_year,8305,91,8305,91,,,,model,missed,lost
net_insight_2025,debt_maturity,bucket-rows,mechanism,due_1_to_5_years,31110,91,31110,91,,,,model,missed,lost
net_insight_2025,debt_maturity,bucket-rows,mechanism,due_after_5_years,null,91,0,91,,,,model,null-ok,lost
net_insight_2025,debt_maturity,bucket-rows,total,total_debt,39415,91,39415,91,39415,91,quote_on_page|value_in_quote|arith_ok|period_ok|page_is_statement|unit_ok,model,ok,same
net_insight_2025,debt_maturity,bucket-rows,total,due_within_1_year,8305,91,8305,91,,,,model,missed,lost
net_insight_2025,debt_maturity,bucket-rows,total,due_1_to_5_years,31110,91,31110,91,,,,model,missed,lost
net_insight_2025,debt_maturity,bucket-rows,total,due_after_5_years,null,91,0,91,,,,model,null-ok,lost
nobia_2025,debt_maturity,bucket-rows,mechanism,total_debt,2983,131,2983,131,,,,model,missed,lost
nobia_2025,debt_maturity,bucket-rows,mechanism,due_within_1_year,0,131,0,131,,,,model,missed,lost
nobia_2025,debt_maturity,bucket-rows,mechanism,due_1_to_5_years,2983,131,2983,131,,,,model,missed,lost
nobia_2025,debt_maturity,bucket-rows,mechanism,due_after_5_years,0,131,0,131,,,,model,missed,lost
nobia_2025,debt_maturity,bucket-rows,total,total_debt,2983,131,2983,131,2983,131,quote_on_page|value_in_quote|arith_ok|period_ok|page_is_statement|unit_ok,model,ok,same
nobia_2025,debt_maturity,bucket-rows,total,due_within_1_year,0,131,0,131,,,,model,missed,lost
nobia_2025,debt_maturity,bucket-rows,total,due_1_to_5_years,2983,131,2983,131,,,,model,missed,lost
nobia_2025,debt_maturity,bucket-rows,total,due_after_5_years,0,131,0,131,,,,model,missed,lost
norion_bank_2025,debt_maturity,total-only,mechanism,total_debt,null,50,,,,,,model,null-ok,absent
norion_bank_2025,debt_maturity,total-only,total,total_debt,null,50,,,,,,model,null-ok,absent
note_2025,debt_maturity,subtotal-pair,mechanism,total_debt,824281,107,824281,107,824281,107,quote_on_page|value_derived|arith_ok|label_known|period_ok|page_is_statement,_subtotal_pair_fill,ok,same
note_2025,debt_maturity,subtotal-pair,mechanism,due_within_1_year,595420,107,595420,107,595420,107,quote_on_page|value_in_quote|arith_ok|period_ok|page_is_statement,_subtotal_pair_fill,ok,same
note_2025,debt_maturity,subtotal-pair,total,total_debt,824281,107,824281,107,824281,107,quote_on_page|value_derived|arith_ok|label_known|period_ok|page_is_statement|unit_ok,_subtotal_pair_fill,ok,same
note_2025,debt_maturity,subtotal-pair,total,due_within_1_year,595420,107,595420,107,595420,107,quote_on_page|value_in_quote|arith_ok|period_ok|page_is_statement|unit_ok,_subtotal_pair_fill,ok,same
orron_energy_2025,debt_maturity,total-only,mechanism,total_debt,106.4,67,106.4,67,,,,model,missed,lost
orron_energy_2025,debt_maturity,total-only,mechanism,due_within_1_year,0,67,0,67,,,,model,missed,lost
orron_energy_2025,debt_maturity,total-only,total,total_debt,106.4,67,106.4,67,106.4,67,quote_on_page|value_in_quote|arith_ok|period_ok|page_is_statement|unit_ok,model,ok,same
orron_energy_2025,debt_maturity,total-only,total,due_within_1_year,0,67,0,67,,,,model,missed,lost
ovzon_2025,debt_maturity,total-only,mechanism,total_debt,423,61,,,,,,model,missed,absent
ovzon_2025,debt_maturity,total-only,mechanism,due_within_1_year,40,61,,,,,,model,missed,absent
ovzon_2025,debt_maturity,total-only,mechanism,due_1_to_5_years,null,61,,,,,,model,null-ok,absent
ovzon_2025,debt_maturity,total-only,mechanism,due_after_5_years,null,61,,,,,,model,null-ok,absent
ovzon_2025,debt_maturity,total-only,total,total_debt,423,61,,,,,,model,missed,absent
ovzon_2025,debt_maturity,total-only,total,due_within_1_year,40,61,,,,,,model,missed,absent
ovzon_2025,debt_maturity,total-only,total,due_1_to_5_years,null,61,,,,,,model,null-ok,absent
ovzon_2025,debt_maturity,total-only,total,due_after_5_years,null,61,,,,,,model,null-ok,absent
powercell_sweden_2025,debt_maturity,total-only,mechanism,total_debt,19055,50,19055,44,19055,44,quote_on_page|value_in_quote|arith_ok|label_known|period_ok|page_is_statement|unit_ok,statement-spread fill,ok,same
powercell_sweden_2025,debt_maturity,total-only,total,total_debt,19055,50,19055,44,19055,44,quote_on_page|value_in_quote|arith_ok|label_known|period_ok|page_is_statement|unit_ok,model,ok,same
proact_it_2025,debt_maturity,bucket-rows,mechanism,total_debt,478611,103,478611,103,,,,model,missed,lost
proact_it_2025,debt_maturity,bucket-rows,mechanism,due_within_1_year,312458,103,0,103,,,,model,missed,lost
proact_it_2025,debt_maturity,bucket-rows,mechanism,due_1_to_5_years,166153,103,166153,103,,,,model,missed,lost
proact_it_2025,debt_maturity,bucket-rows,mechanism,due_after_5_years,null,103,,,,,,model,null-ok,absent
proact_it_2025,debt_maturity,bucket-rows,total,total_debt,478611,103,478611,103,478611,103,quote_on_page|value_in_quote|arith_ok|label_known|period_ok|page_is_statement|unit_ok,model,ok,same
proact_it_2025,debt_maturity,bucket-rows,total,due_within_1_year,312458,103,0,103,,,,model,missed,lost
proact_it_2025,debt_maturity,bucket-rows,total,due_1_to_5_years,166153,103,166153,103,,,,model,missed,lost
proact_it_2025,debt_maturity,bucket-rows,total,due_after_5_years,null,103,,,,,,model,null-ok,absent
ratos_2025,debt_maturity,total-only,mechanism,total_debt,4126,131,,,,,,model,missed,absent
ratos_2025,debt_maturity,total-only,total,total_debt,4126,131,,,,,,model,missed,absent
raysearch_laboratories_2025,debt_maturity,total-only,mechanism,total_debt,394.9,72,394.9,72,,,,model,missed,lost
raysearch_laboratories_2025,debt_maturity,total-only,mechanism,due_within_1_year,77.5,83,77.5,83,,,,model,missed,lost
raysearch_laboratories_2025,debt_maturity,total-only,total,total_debt,394.9,72,394.9,72,394.9,72,quote_on_page|value_in_quote|arith_ok|label_known|period_ok|page_is_statement|unit_ok,model,ok,same
raysearch_laboratories_2025,debt_maturity,total-only,total,due_within_1_year,77.5,83,77.5,83,,,,model,missed,lost
rejlers_2025,debt_maturity,bucket-rows,mechanism,total_debt,400.3,105,400.3,105,,,,model,missed,lost
rejlers_2025,debt_maturity,bucket-rows,mechanism,due_within_1_year,400.3,105,400.3,105,400.3,105,quote_on_page|value_in_quote|arith_ok|label_known|period_ok|page_is_statement|unit_ok,statement-spread fill,ok,same
rejlers_2025,debt_maturity,bucket-rows,mechanism,due_1_to_5_years,0,105,0,105,,,,model,missed,lost
rejlers_2025,debt_maturity,bucket-rows,total,total_debt,400.3,105,400.3,105,400.3,105,quote_on_page|value_in_quote|arith_ok|period_ok|page_is_statement|unit_ok,model,ok,same
rejlers_2025,debt_maturity,bucket-rows,total,due_within_1_year,400.3,105,400.3,105,400.3,105,quote_on_page|value_in_quote|arith_ok|label_known|period_ok|page_is_statement|unit_ok,statement-spread fill,ok,same
rejlers_2025,debt_maturity,bucket-rows,total,due_1_to_5_years,0,105,0,105,,,,model,missed,lost
rusta_2025,debt_maturity,finer-rows,mechanism,total_debt,6624,115,6624,115,,,,model,missed,lost
rusta_2025,debt_maturity,finer-rows,mechanism,due_within_1_year,1039,115,1039,115,,,,warning (unmapped),missed,lost
rusta_2025,debt_maturity,finer-rows,mechanism,due_1_to_5_years,3153,115,3153,115,,,,model,missed,lost
rusta_2025,debt_maturity,finer-rows,mechanism,due_after_5_years,2431,115,2431,115,,,,warning (unmapped),missed,lost
rusta_2025,debt_maturity,finer-rows,total,total_debt,6624,115,6624,115,6624,115,quote_on_page|value_in_quote|arith_ok|period_ok|page_is_statement|unit_ok,model,ok,same
rusta_2025,debt_maturity,finer-rows,total,due_within_1_year,1039,115,1039,115,1039,115,quote_on_page|value_derived|arith_ok|label_known|period_ok|page_is_statement|unit_ok,warning (unmapped),ok,same
rusta_2025,debt_maturity,finer-rows,total,due_1_to_5_years,3153,115,3153,115,3153,115,quote_on_page|value_derived|arith_ok|label_known|period_ok|page_is_statement|unit_ok,warning (unmapped),ok,same
rusta_2025,debt_maturity,finer-rows,total,due_after_5_years,2431,115,2431,115,,,,warning (unmapped),missed,lost
rvrc_holding_2025,debt_maturity,bucket-column,mechanism,total_debt,12,109,12,109,,,,_fill_bucket_columns,missed,lost
rvrc_holding_2025,debt_maturity,bucket-column,mechanism,due_within_1_year,5,95,,,,,,model,missed,absent
rvrc_holding_2025,debt_maturity,bucket-column,total,total_debt,12,109,12,109,12,109,quote_on_page|value_in_quote|arith_ok|period_ok|page_is_statement|unit_ok,_fill_bucket_columns,ok,same
rvrc_holding_2025,debt_maturity,bucket-column,total,due_within_1_year,5,95,,,,,,model,missed,absent
salix_2025,debt_maturity,refused-scope,mechanism,total_debt,3246,177,3246,177,,,,model,missed,lost
salix_2025,debt_maturity,refused-scope,mechanism,due_within_1_year,192,177,,,,,,warning (unmapped),missed,absent
salix_2025,debt_maturity,refused-scope,total,total_debt,3246,177,3246,177,3246,177,quote_on_page|value_in_quote|arith_ok|period_ok|page_is_statement|unit_ok,model,ok,same
salix_2025,debt_maturity,refused-scope,total,due_within_1_year,192,177,,,,,,warning (unmapped),missed,absent
scandi_standard_2025,debt_maturity,bucket-column,mechanism,total_debt,2307,134,2307,134,,,,_fill_bucket_columns,missed,lost
scandi_standard_2025,debt_maturity,bucket-column,mechanism,due_within_1_year,70,102,70,134,,,,_fill_bucket_columns,missed,lost
scandi_standard_2025,debt_maturity,bucket-column,total,total_debt,2307,134,2307,134,2307,134,quote_on_page|value_in_quote|arith_ok|period_ok|unit_ok,_fill_bucket_columns,ok,same
scandi_standard_2025,debt_maturity,bucket-column,total,due_within_1_year,70,102,70,134,,,,_fill_bucket_columns,missed,lost
sdiptech_2025,debt_maturity,total-only,mechanism,total_debt,4495,110,4495,110,4495,110,quote_on_page|value_derived|arith_ok|label_known|period_ok|page_is_statement,_subtotal_pair_fill,ok,same
sdiptech_2025,debt_maturity,total-only,mechanism,due_within_1_year,446,110,446,110,446,110,quote_on_page|value_in_quote|arith_ok|period_ok|page_is_statement,_subtotal_pair_fill,ok,same
sdiptech_2025,debt_maturity,total-only,total,total_debt,4495,110,4495,110,4495,110,quote_on_page|value_derived|arith_ok|label_known|period_ok|page_is_statement|unit_ok,_subtotal_pair_fill,ok,same
sdiptech_2025,debt_maturity,total-only,total,due_within_1_year,446,110,446,110,446,110,quote_on_page|value_in_quote|arith_ok|period_ok|page_is_statement|unit_ok,_subtotal_pair_fill,ok,same
smartcraft_2025,debt_maturity,lease-refused,mechanism,total_debt,28248,58,,,,,,model,missed,absent
smartcraft_2025,debt_maturity,lease-refused,mechanism,due_within_1_year,13439,58,,,,,,warning (unmapped),missed,absent
smartcraft_2025,debt_maturity,lease-refused,mechanism,due_1_to_5_years,14809,58,,,,,,model,missed,absent
smartcraft_2025,debt_maturity,lease-refused,mechanism,due_after_5_years,null,58,,,,,,warning (unmapped),null-ok,absent
smartcraft_2025,debt_maturity,lease-refused,total,total_debt,28248,58,,,,,,model,missed,absent
smartcraft_2025,debt_maturity,lease-refused,total,due_within_1_year,13439,58,,,,,,warning (unmapped),missed,absent
smartcraft_2025,debt_maturity,lease-refused,total,due_1_to_5_years,14809,58,,,,,,model,missed,absent
smartcraft_2025,debt_maturity,lease-refused,total,due_after_5_years,null,58,,,,,,warning (unmapped),null-ok,absent
stillfront_2025,debt_maturity,bucket-rows,mechanism,total_debt,5887,109,5887,109,,,,model,missed,lost
stillfront_2025,debt_maturity,bucket-rows,mechanism,due_within_1_year,710,109,,,,,,model,missed,absent
stillfront_2025,debt_maturity,bucket-rows,mechanism,due_1_to_5_years,5152,109,5152,109,,,,model,missed,lost
stillfront_2025,debt_maturity,bucket-rows,mechanism,due_after_5_years,4,109,4,109,,,,model,missed,lost
stillfront_2025,debt_maturity,bucket-rows,total,total_debt,5887,109,5887,109,5887,109,quote_on_page|value_in_quote|arith_ok|period_ok|page_is_statement|unit_ok,model,ok,same
stillfront_2025,debt_maturity,bucket-rows,total,due_within_1_year,710,109,,,,,,model,missed,absent
stillfront_2025,debt_maturity,bucket-rows,total,due_1_to_5_years,5152,109,5152,109,,,,model,missed,lost
stillfront_2025,debt_maturity,bucket-rows,total,due_after_5_years,4,109,4,109,,,,model,missed,lost
storytel_2025,debt_maturity,total-only,mechanism,total_debt,550,114,550,114,,,,model,missed,lost
storytel_2025,debt_maturity,total-only,mechanism,due_within_1_year,550,114,550,114,,,,model,missed,lost
storytel_2025,debt_maturity,total-only,mechanism,due_1_to_5_years,null,114,,,,,,model,null-ok,absent
storytel_2025,debt_maturity,total-only,mechanism,due_after_5_years,null,114,,,,,,model,null-ok,absent
storytel_2025,debt_maturity,total-only,total,total_debt,550,114,550,114,550,114,quote_on_page|value_in_quote|arith_ok|period_ok|page_is_statement|unit_ok,model,ok,same
storytel_2025,debt_maturity,total-only,total,due_within_1_year,550,114,550,114,,,,model,missed,lost
storytel_2025,debt_maturity,total-only,total,due_1_to_5_years,null,114,,,,,,model,null-ok,absent
storytel_2025,debt_maturity,total-only,total,due_after_5_years,null,114,,,,,,model,null-ok,absent
svedbergs_2025,debt_maturity,bucket-rows,mechanism,total_debt,496405,132,496405,132,,,,model,missed,lost
svedbergs_2025,debt_maturity,bucket-rows,mechanism,due_within_1_year,51440,132,51440,132,,,,model,missed,lost
svedbergs_2025,debt_maturity,bucket-rows,mechanism,due_1_to_5_years,435842,132,435842,132,,,,model,missed,lost
svedbergs_2025,debt_maturity,bucket-rows,mechanism,due_after_5_years,9124,132,9124,132,,,,model,missed,lost
svedbergs_2025,debt_maturity,bucket-rows,total,total_debt,496405,132,496405,132,496405,132,quote_on_page|value_in_quote|arith_ok|period_ok|page_is_statement|unit_ok,model,ok,same
svedbergs_2025,debt_maturity,bucket-rows,total,due_within_1_year,51440,132,51440,132,51440,132,quote_on_page|value_derived|arith_ok|label_known|period_ok|page_is_statement|unit_ok,_finer_split_rows,ok,same
svedbergs_2025,debt_maturity,bucket-rows,total,due_1_to_5_years,435842,132,435842,132,435842,132,quote_on_page|value_derived|arith_ok|label_known|period_ok|page_is_statement|unit_ok,warning (unmapped),ok,same
svedbergs_2025,debt_maturity,bucket-rows,total,due_after_5_years,9124,132,9124,132,,,,model,missed,lost
svolder_2025,debt_maturity,total-only,mechanism,total_debt,0,18,,,,,,model,missed,absent
svolder_2025,debt_maturity,total-only,mechanism,due_within_1_year,null,18,,,,,,model,null-ok,absent
svolder_2025,debt_maturity,total-only,mechanism,due_1_to_5_years,null,18,,,,,,model,null-ok,absent
svolder_2025,debt_maturity,total-only,mechanism,due_after_5_years,null,18,,,,,,model,null-ok,absent
svolder_2025,debt_maturity,total-only,total,total_debt,0,18,,,,,,model,missed,absent
svolder_2025,debt_maturity,total-only,total,due_within_1_year,null,18,,,,,,model,null-ok,absent
svolder_2025,debt_maturity,total-only,total,due_1_to_5_years,null,18,,,,,,model,null-ok,absent
svolder_2025,debt_maturity,total-only,total,due_after_5_years,null,18,,,,,,model,null-ok,absent
synsam_2025,debt_maturity,bucket-rows,mechanism,total_debt,2718,122,2718,122,,,,model,missed,lost
synsam_2025,debt_maturity,bucket-rows,mechanism,due_within_1_year,0,122,0,122,,,,model,missed,lost
synsam_2025,debt_maturity,bucket-rows,mechanism,due_1_to_5_years,2718,122,2718,122,,,,model,missed,lost
synsam_2025,debt_maturity,bucket-rows,total,total_debt,2718,122,2718,122,2718,122,quote_on_page|value_in_quote|arith_ok|period_ok|page_is_statement|unit_ok,model,ok,same
synsam_2025,debt_maturity,bucket-rows,total,due_within_1_year,0,122,0,122,,,,model,missed,lost
synsam_2025,debt_maturity,bucket-rows,total,due_1_to_5_years,2718,122,2718,122,,,,model,missed,lost
tangen_industrikapital_2025,debt_maturity,total-only,mechanism,total_debt,588199,62,915454,57,,,,model,missed,lost
tangen_industrikapital_2025,debt_maturity,total-only,mechanism,due_within_1_year,141734,62,,,,,,model,missed,absent
tangen_industrikapital_2025,debt_maturity,total-only,mechanism,due_1_to_5_years,388979,62,,,,,,model,missed,absent
tangen_industrikapital_2025,debt_maturity,total-only,mechanism,due_after_5_years,57486,62,,,,,,model,missed,absent
tangen_industrikapital_2025,debt_maturity,total-only,total,total_debt,588199,62,915454,57,915454,57,quote_on_page|value_in_quote|arith_ok|label_known|period_ok|unit_ok,model,wrong,same
tangen_industrikapital_2025,debt_maturity,total-only,total,due_within_1_year,141734,62,,,,,,model,missed,absent
tangen_industrikapital_2025,debt_maturity,total-only,total,due_1_to_5_years,388979,62,,,,,,model,missed,absent
tangen_industrikapital_2025,debt_maturity,total-only,total,due_after_5_years,57486,62,,,,,,model,missed,absent
traction_2025,debt_maturity,prose-zero,mechanism,total_debt,0,32,0,32,,,,model,missed,lost
traction_2025,debt_maturity,prose-zero,total,total_debt,0,32,0,32,0,32,arith_ok|period_ok|page_is_statement|unit_ok,warning (unmapped),ok,same
vbg_2025,debt_maturity,total-only,mechanism,total_debt,1504774,133,1504774,133,,,,model,missed,lost
vbg_2025,debt_maturity,total-only,total,total_debt,1504774,133,1504774,133,1504774,133,quote_on_page|value_in_quote|arith_ok|period_ok|page_is_statement|unit_ok,model,ok,same
vef_2025,debt_maturity,total-only,mechanism,total_debt,25721,23,25721,23,,,,model,missed,lost
vef_2025,debt_maturity,total-only,mechanism,due_within_1_year,null,23,,,,,,model,null-ok,absent
vef_2025,debt_maturity,total-only,total,total_debt,25721,23,25721,23,25721,23,quote_on_page|value_in_quote|arith_ok|period_ok|unit_ok,model,ok,same
vef_2025,debt_maturity,total-only,total,due_within_1_year,null,23,,,,,,model,null-ok,absent
viaplay_2025,debt_maturity,bucket-rows,mechanism,total_debt,6422,113,6422,113,,,,model,missed,lost
viaplay_2025,debt_maturity,bucket-rows,mechanism,due_within_1_year,920,113,920,113,,,,model,missed,lost
viaplay_2025,debt_maturity,bucket-rows,mechanism,due_1_to_5_years,5502,113,5502,113,,,,model,missed,lost
viaplay_2025,debt_maturity,bucket-rows,mechanism,due_after_5_years,null,113,,,,,,model,null-ok,absent
viaplay_2025,debt_maturity,bucket-rows,total,total_debt,6422,113,6422,113,6422,113,quote_on_page|value_in_quote|arith_ok|period_ok|page_is_statement|unit_ok,model,ok,same
viaplay_2025,debt_maturity,bucket-rows,total,due_within_1_year,920,113,920,113,,,,model,missed,lost
viaplay_2025,debt_maturity,bucket-rows,total,due_1_to_5_years,5502,113,5502,113,,,,model,missed,lost
viaplay_2025,debt_maturity,bucket-rows,total,due_after_5_years,null,113,,,,,,model,null-ok,absent
vicore_pharma_holding_2025,debt_maturity,total-only,mechanism,total_debt,0,46,0,46,,,,model,missed,lost
vicore_pharma_holding_2025,debt_maturity,total-only,total,total_debt,0,46,0,46,0,46,arith_ok|period_ok|page_is_statement|unit_ok,warning (unmapped),ok,same
viva_wine_2025,debt_maturity,total-only,mechanism,total_debt,1203,105,1203,105,,,,model,missed,lost
viva_wine_2025,debt_maturity,total-only,mechanism,due_within_1_year,310,79,,,,,,model,missed,absent
viva_wine_2025,debt_maturity,total-only,total,total_debt,1203,105,1203,105,1203,105,quote_on_page|value_in_quote|arith_ok|period_ok|page_is_statement|unit_ok,model,ok,same
viva_wine_2025,debt_maturity,total-only,total,due_within_1_year,310,79,,,,,,model,missed,absent
vnv_global_2025,debt_maturity,total-only,mechanism,total_debt,46246,37,46246,37,,,,model,missed,lost
vnv_global_2025,debt_maturity,total-only,mechanism,due_within_1_year,null,37,,,,,,model,null-ok,absent
vnv_global_2025,debt_maturity,total-only,total,total_debt,46246,37,46246,37,46246,37,quote_on_page|value_in_quote|arith_ok|period_ok|page_is_statement|unit_ok,model,ok,same
vnv_global_2025,debt_maturity,total-only,total,due_within_1_year,null,37,,,,,,model,null-ok,absent
volati_2025,debt_maturity,refused-scope,mechanism,total_debt,3245,177,3246,177,,,,model,missed,lost
volati_2025,debt_maturity,refused-scope,mechanism,due_within_1_year,192,177,192,177,,,,warning (unmapped),missed,lost
volati_2025,debt_maturity,refused-scope,total,total_debt,3245,177,3246,177,3246,177,quote_on_page|value_in_quote|arith_ok|period_ok|page_is_statement|unit_ok,model,wrong,same
volati_2025,debt_maturity,refused-scope,total,due_within_1_year,192,177,192,177,,,,warning (unmapped),missed,lost
xano_industri_2025,debt_maturity,bucket-column,mechanism,total_debt,904522,84,904522,84,,,,model,missed,lost
xano_industri_2025,debt_maturity,bucket-column,mechanism,due_within_1_year,51075,84,51075,84,,,,model,missed,lost
xano_industri_2025,debt_maturity,bucket-column,mechanism,due_1_to_5_years,802669,84,802669,84,,,,model,missed,lost
xano_industri_2025,debt_maturity,bucket-column,mechanism,due_after_5_years,50778,84,50778,84,,,,model,missed,lost
xano_industri_2025,debt_maturity,bucket-column,total,total_debt,904522,84,904522,84,904522,84,quote_on_page|value_in_quote|arith_ok|label_known|period_ok|page_is_statement|unit_ok,model,ok,same
xano_industri_2025,debt_maturity,bucket-column,total,due_within_1_year,51075,84,51075,84,,,,model,missed,lost
xano_industri_2025,debt_maturity,bucket-column,total,due_1_to_5_years,802669,84,802669,84,,,,model,missed,lost
xano_industri_2025,debt_maturity,bucket-column,total,due_after_5_years,50778,84,50778,84,,,,model,missed,lost
xvivo_perfusion_2025,debt_maturity,total-only,mechanism,total_debt,124721,92,,,,,,model,missed,absent
xvivo_perfusion_2025,debt_maturity,total-only,mechanism,due_within_1_year,11556,65,,,,,,model,missed,absent
xvivo_perfusion_2025,debt_maturity,total-only,total,total_debt,124721,92,,,,,,model,missed,absent
xvivo_perfusion_2025,debt_maturity,total-only,total,due_within_1_year,11556,65,,,,,,model,missed,absent
